data;horario;n_da_ocorrencia;tipo_de_ocorrencia;km;trecho;sentido;tipo_de_acidente;automovel;bicicleta;caminhao;moto;onibus;outros;tracao_animal;transporte_de_cargas_especiais;trator_maquinas;utilitarios;ilesos;levemente_feridos;moderadamente_feridos;gravemente_feridos;mortos
"17/09/2025";"18:17:18";"332";"Sem vítima";"590,361";"BR-277/PR";"Crescente";"Acidentes de outra natureza";1;0;0;0;0;0;0;0;0;0;1;0;0;0;0
"17/09/2025";"23:07:09";"380";"Com vítima";"589,916";"BR-277/PR";"Crescente";"Choque";1;0;0;0;0;0;0;0;0;0;0;0;1;0;0
"18/09/2025";"07:48:47";"111";"Sem vítima";"678,335";"BR-277/PR";"Crescente";"Tombamento";0;0;1;0;0;0;0;0;0;0;1;0;0;0;0
"19/09/2025";"01:22:17";"40";"Sem vítima";"152,020";"BR-163/PR";"Crescente";"Atropelamento de animal";1;0;0;0;0;0;0;0;0;0;1;0;0;0;0
"19/09/2025";"08:55:43";"161";"Com vítima";"454,300";"BR-277/PR";"Crescente";"Colisão traseira";1;0;1;0;0;0;0;0;0;0;0;1;0;1;0
"19/09/2025";"09:16:05";"169";"Sem vítima";"140,220";"BR-163/PR";"Decrescente";"Choque";1;0;0;0;0;0;0;0;0;0;2;0;0;0;0
"19/09/2025";"12:09:02";"228";"Sem vítima";"466,000";"BR-277/PR";"Crescente";"Colisão traseira";1;0;1;0;0;0;0;0;0;1;5;0;0;0;0
"19/09/2025";"15:23:23";"276";"Com vítima";"448,500";"BR-277/PR";"Decrescente";"Colisão traseira";2;0;1;0;0;0;0;0;0;1;1;3;2;2;0
"19/09/2025";"17:41:10";"303";"Com vítima";"725,100";"BR-277/PR";"Decrescente";"Choque";1;0;0;0;0;0;0;0;0;0;0;1;0;0;0
"19/09/2025";"20:08:28";"329";"Sem vítima";"720,900";"BR-277/PR";"Decrescente";"Tombamento";0;0;1;0;0;0;0;0;0;0;1;0;0;0;0
"19/09/2025";"21:08:38";"351";"Com vítima";"449,500";"BR-277/PR";"Crescente";"Capotamento";1;0;0;0;0;0;0;0;0;0;0;1;0;0;0
"19/09/2025";"23:32:27";"385";"Com vítima";"554,170";"BR-277/PR";"Crescente";"Colisão traseira";1;0;1;0;0;0;0;0;0;0;0;0;0;1;1
"20/09/2025";"15:15:14";"294";"Sem vítima";"308,620";"BR-277/PR";"Crescente";"Colisão traseira";2;0;0;0;0;0;0;0;0;0;2;0;0;0;0
"20/09/2025";"16:55:14";"318";"Com vítima";"648,000";"BR-277/PR";"Crescente";"Colisão traseira";3;0;0;0;0;0;0;0;0;0;2;1;0;0;0
"21/09/2025";"09:34:10";"133";"Com vítima";"512,000";"182/PR";"Decrescente";"Choque";1;0;0;0;0;0;0;0;0;0;0;2;0;0;0
"21/09/2025";"13:27:53";"205";"Com vítima";"155,000";"BR-163/PR";"Crescente";"Choque";1;0;0;0;0;0;0;0;0;0;0;1;0;0;0
"21/09/2025";"13:34:34";"207";"Sem vítima";"142,800";"BR-163/PR";"Crescente";"Choque";1;0;0;0;0;0;0;0;0;0;1;0;0;0;0
"21/09/2025";"14:28:43";"219";"Sem vítima";"588,500";"BR-277/PR";"Crescente";"Colisão traseira";1;0;0;0;0;0;0;0;0;1;5;0;0;0;0
"21/09/2025";"16:07:43";"253";"Sem vítima";"182,200";"BR-163/PR";"Crescente";"Choque";1;0;0;0;0;0;0;0;0;0;1;0;0;0;0
"21/09/2025";"16:53:36";"267";"Sem vítima";"642,970";"BR-277/PR";"Decrescente";"Colisão traseira";4;0;0;0;0;0;0;0;0;0;7;0;0;0;0
"21/09/2025";"19:30:58";"303";"Sem vítima";"164,000";"BR-163/PR";"Crescente";"Colisão traseira";0;0;0;1;0;0;0;0;0;1;3;0;0;0;0
"22/09/2025";"07:15:25";"71";"Com vítima";"162,100";"BR-163/PR";"Crescente";"Acidentes de outra natureza";0;0;0;0;0;0;0;0;0;1;0;1;0;0;0
"22/09/2025";"07:33:40";"73";"Sem vítima";"347,100";"BR-277/PR";"Crescente";"Choque";1;0;0;0;0;0;0;0;0;0;1;0;0;0;0
"22/09/2025";"08:01:21";"84";"Sem vítima";"192,100";"BR-163/PR";"Decrescente";"Choque";1;0;0;0;0;0;0;0;0;0;1;0;0;0;0
"22/09/2025";"09:32:01";"110";"Sem vítima";"426,200";"BR-277/PR";"Crescente";"Choque";1;0;0;0;0;0;0;0;0;0;1;0;0;0;0
"22/09/2025";"12:35:20";"198";"Sem vítima";"227,500";"280/PR";"Decrescente";"Choque";0;0;0;0;0;0;0;0;0;1;0;0;0;0;0
"22/09/2025";"14:06:40";"225";"Com vítima";"454,247";"BR-277/PR";"Decrescente";"Colisão traseira";1;0;1;0;0;0;0;0;0;0;1;0;1;1;0
"22/09/2025";"15:37:25";"264";"Com vítima";"529,962";"BR-277/PR";"Crescente";"Tombamento";0;0;1;0;0;0;0;0;0;0;0;1;0;0;0
"22/09/2025";"23:08:29";"340";"Com vítima";"588,100";"BR-277/PR";"Crescente";"Atropelamento de pedestre";0;0;0;0;1;0;0;0;0;0;1;0;0;1;0
"23/09/2025";"08:04:35";"114";"Sem vítima";"451,385";"BR-277/PR";"Decrescente";"Colisão traseira";1;0;1;0;0;0;0;0;0;0;3;0;0;0;0
"23/09/2025";"16:02:56";"272";"Sem vítima";"531,000";"BR-277/PR";"Crescente";"Colisão traseira";0;0;0;0;0;0;0;1;0;1;2;0;0;0;0
"23/09/2025";"16:43:54";"279";"Com vítima";"454,200";"BR-277/PR";"Decrescente";"Colisão traseira";1;0;0;1;0;0;0;0;0;0;1;0;1;0;0
"24/09/2025";"01:40:39";"39";"Sem vítima";"660,500";"BR-277/PR";"Crescente";"Choque";1;0;0;0;0;1;0;0;0;0;2;0;0;0;0
"24/09/2025";"07:29:29";"87";"Com vítima";"721,000";"BR-277/PR";"Crescente";"Colisão traseira";2;0;0;2;0;0;0;0;0;0;0;3;0;0;0
"24/09/2025";"07:48:23";"99";"Com vítima";"650,750";"BR-277/PR";"Crescente";"Colisão traseira";1;0;1;0;0;0;0;0;0;0;0;3;1;0;0
"24/09/2025";"09:55:25";"172";"Sem vítima";"305,000";"BR-277/PR";"Decrescente";"Colisão traseira";0;0;1;0;0;0;0;0;0;1;2;0;0;0;0
"24/09/2025";"14:15:01";"241";"Com vítima";"584,000";"BR-277/PR";"Decrescente";"Colisão traseira";1;0;0;1;0;0;0;0;0;0;1;0;1;0;0
"24/09/2025";"15:35:04";"260";"Com vítima";"306,553";"BR-277/PR";"Decrescente";"Colisão traseira";0;0;2;0;0;0;0;0;0;0;1;0;1;0;0
"24/09/2025";"18:59:40";"304";"Sem vítima";"712,800";"BR-277/PR";"Decrescente";"Atropelamento de animal";1;0;0;0;0;0;0;0;0;0;1;0;0;0;0
"24/09/2025";"20:09:31";"321";"Sem vítima";"536,010";"158/PR";"Crescente";"Choque";1;0;0;0;0;0;0;0;0;0;2;0;0;0;0
"25/09/2025";"07:02:38";"79";"Sem vítima";"584,000";"BR-277/PR";"Decrescente";"Colisão traseira";1;0;1;0;0;0;0;0;0;0;1;0;0;0;0
"25/09/2025";"08:04:16";"113";"Sem vítima";"528,000";"182/PR";"Decrescente";"Colisão traseira";0;0;1;0;0;0;0;0;0;1;2;0;0;0;0
"25/09/2025";"09:57:54";"171";"Sem vítima";"652,000";"BR-277/PR";"Crescente";"Colisão traseira";2;0;0;0;0;0;0;0;0;0;5;0;0;0;0
"25/09/2025";"13:53:50";"224";"Sem vítima";"335,300";"BR-277/PR";"Decrescente";"Choque";0;0;1;0;0;1;0;0;0;0;1;0;0;0;0
"25/09/2025";"15:48:26";"251";"Com vítima";"635,800";"BR-277/PR";"Decrescente";"Colisão traseira";0;0;1;0;1;0;0;0;0;0;31;1;0;0;0
"26/09/2025";"07:13:50";"86";"Com vítima";"180,500";"BR-163/PR";"Crescente";"Colisão traseira";1;0;1;0;0;0;0;0;0;0;1;1;0;0;0
"26/09/2025";"08:39:40";"153";"Sem vítima";"620,800";"BR-277/PR";"Decrescente";"Colisão traseira";1;0;1;0;0;0;0;0;0;0;2;0;0;0;0
"26/09/2025";"12:22:41";"227";"Sem vítima";"571,500";"BR-277/PR";"Decrescente";"Acidentes de outra natureza";1;0;0;0;0;0;0;0;0;0;1;0;0;0;0
"26/09/2025";"14:31:48";"253";"Com vítima";"715,010";"BR-277/PR";"Decrescente";"Colisão traseira";1;0;1;1;0;0;0;0;0;0;2;1;0;0;0
"26/09/2025";"16:07:18";"285";"Sem vítima";"10,180";"483/PR";"Decrescente";"Colisão traseira";1;0;1;0;0;0;0;0;0;0;2;0;0;0;0
"26/09/2025";"16:13:41";"288";"Sem vítima";"584,500";"BR-277/PR";"Decrescente";"Colisão traseira";0;0;0;1;0;0;0;0;0;0;1;0;0;0;0
"26/09/2025";"16:43:53";"295";"Sem vítima";"194,070";"BR-163/PR";"Decrescente";"Acidentes de outra natureza";1;0;0;0;0;0;0;0;0;0;1;0;0;0;0
"26/09/2025";"18:38:51";"313";"Com vítima";"453,815";"BR-277/PR";"Decrescente";"Colisão traseira";1;0;0;0;0;0;0;0;0;1;5;0;1;0;0
"26/09/2025";"19:09:31";"325";"Sem vítima";"363,095";"BR-277/PR";"Decrescente";"Colisão traseira";1;0;0;0;0;0;0;0;0;1;9;0;0;0;0
"26/09/2025";"19:09:57";"326";"Com vítima";"19,760";"483/PR";"Crescente";"Colisão traseira";1;0;0;1;0;0;0;0;0;0;1;1;0;0;0
"26/09/2025";"21:02:09";"342";"Com vítima";"181,600";"BR-163/PR";"Decrescente";"Choque";0;0;0;1;0;0;0;0;0;0;0;1;0;0;0
"27/09/2025";"03:00:06";"52";"Sem vítima";"655,200";"BR-277/PR";"Decrescente";"Atropelamento de animal";0;0;1;0;0;0;0;0;0;0;2;0;0;0;0
"27/09/2025";"05:01:04";"69";"Sem vítima";"662,850";"BR-277/PR";"Crescente";"Choque";1;0;0;0;0;0;0;0;0;0;5;0;0;0;0
"27/09/2025";"05:09:19";"70";"Sem vítima";"673,200";"BR-277/PR";"Crescente";"Colisão traseira";2;0;0;0;0;0;0;0;0;0;7;0;0;0;0
"27/09/2025";"06:49:33";"88";"Sem vítima";"503,300";"180/PR";"Decrescente";"Choque";1;0;0;0;0;0;0;0;0;0;1;0;0;0;0
"27/09/2025";"11:59:12";"204";"Com vítima";"254,500";"280/PR";"Crescente";"Colisão traseira";1;0;0;1;0;0;0;0;0;0;1;0;1;0;0
"27/09/2025";"15:06:58";"246";"Sem vítima";"605,200";"BR-277/PR";"Crescente";"Acidentes de outra natureza";1;0;0;0;0;0;0;0;0;0;2;0;0;0;0
"27/09/2025";"19:22:45";"308";"Com vítima";"560,150";"BR-277/PR";"Crescente";"Colisão traseira";0;0;1;0;0;0;0;0;0;1;1;2;1;2;0
"27/09/2025";"19:24:20";"310";"Com vítima";"397,913";"BR-277/PR";"Crescente";"Colisão traseira";2;0;0;0;0;0;0;0;0;0;3;0;1;0;0
"27/09/2025";"19:32:30";"312";"Com vítima";"168,500";"BR-163/PR";"Decrescente";"Choque";1;0;0;0;0;0;0;0;0;0;0;1;0;0;0
"27/09/2025";"21:36:00";"330";"Com vítima";"594,300";"BR-277/PR";"Decrescente";"Colisão traseira";2;0;0;0;0;0;0;0;0;0;3;2;0;0;0
"27/09/2025";"23:10:05";"335";"Sem vítima";"367,063";"BR-277/PR";"Decrescente";"Atropelamento de animal";1;0;0;0;0;0;0;0;0;0;4;0;0;0;0
"28/09/2025";"00:57:44";"32";"Sem vítima";"539,100";"158/PR";"Crescente";"Colisão traseira";1;0;0;0;0;0;0;0;0;0;1;0;0;0;0
"28/09/2025";"04:40:31";"57";"Sem vítima";"610,200";"BR-277/PR";"Decrescente";"Colisão traseira";2;0;0;0;0;0;0;0;0;0;5;0;0;0;0
"28/09/2025";"15:27:52";"197";"Sem vítima";"26,307";"483/PR";"Crescente";"Colisão traseira";1;0;1;0;0;0;0;0;0;0;4;0;0;0;0
"28/09/2025";"17:58:11";"230";"Com vítima";"675,516";"BR-277/PR";"Decrescente";"Choque";1;0;0;0;0;0;0;0;0;0;0;0;1;0;0
"28/09/2025";"20:59:48";"256";"Com vítima";"653,320";"BR-277/PR";"Decrescente";"Colisão traseira";1;0;0;0;0;0;0;0;0;1;0;0;2;1;1
"28/09/2025";"23:55:43";"274";"Sem vítima";"678,200";"BR-277/PR";"Decrescente";"Acidentes de outra natureza";1;0;0;0;0;0;0;0;0;0;1;0;0;0;0
"29/09/2025";"01:45:02";"45";"Sem vítima";"343,773";"BR-277/PR";"Crescente";"Capotamento";1;0;0;0;0;0;0;0;0;0;0;0;0;0;0
"29/09/2025";"08:42:17";"129";"Sem vítima";"322,000";"BR-277/PR";"Decrescente";"Acidentes de outra natureza";1;0;0;0;0;0;0;0;0;0;1;0;0;0;0
"29/09/2025";"12:44:23";"211";"Sem vítima";"712,700";"BR-277/PR";"Decrescente";"Capotamento";1;0;0;0;0;0;0;0;0;0;1;0;0;0;0
"29/09/2025";"13:09:47";"215";"Com vítima";"712,577";"BR-277/PR";"Decrescente";"Colisão traseira";2;0;0;0;0;0;0;0;0;0;1;2;0;0;0
"29/09/2025";"13:16:20";"216";"Sem vítima";"608,405";"BR-277/PR";"Decrescente";"Colisão traseira";1;0;1;0;0;0;0;0;0;0;2;0;0;0;0
"29/09/2025";"22:40:42";"336";"Com vítima";"312,020";"BR-277/PR";"Decrescente";"Capotamento";1;0;0;0;0;0;0;0;0;0;1;1;0;0;0
"30/09/2025";"05:08:58";"58";"Com vítima";"431,900";"BR-277/PR";"Crescente";"Choque";1;0;0;0;0;0;0;0;0;0;0;4;0;0;0
"30/09/2025";"10:23:16";"178";"Sem vítima";"141,127";"BR-163/PR";"Decrescente";"Capotamento";1;0;0;0;0;0;0;0;0;0;2;0;0;0;0
"30/09/2025";"10:50:32";"188";"Sem vítima";"174,249";"BR-163/PR";"Crescente";"Choque";1;0;0;0;0;0;0;0;0;0;2;0;0;0;0
"30/09/2025";"11:35:19";"210";"Sem vítima";"693,100";"BR-277/PR";"Decrescente";"Capotamento";1;0;0;0;0;0;0;0;0;0;1;0;0;0;0
"01/10/2025";"08:08:06";"113";"Sem vítima";"182,200";"BR-163/PR";"Decrescente";"Choque";1;0;0;0;0;0;0;0;0;0;1;0;0;0;0
"01/10/2025";"09:42:32";"180";"Com vítima";"254,500";"280/PR";"Crescente";"Colisão traseira";1;0;0;1;0;0;0;0;0;0;2;0;1;0;0
"01/10/2025";"14:58:52";"265";"Com vítima";"724,834";"BR-277/PR";"Crescente";"Colisão traseira";0;0;0;1;0;0;0;0;0;1;1;0;1;0;0
"01/10/2025";"16:36:20";"289";"Com vítima";"620,500";"BR-277/PR";"Decrescente";"Colisão traseira";0;0;0;0;0;0;0;0;0;2;2;1;0;0;0
"02/10/2025";"07:04:56";"75";"Com vítima";"685,119";"BR-277/PR";"Crescente";"Tombamento";0;0;1;0;0;0;0;0;0;0;0;1;0;0;0
"02/10/2025";"14:55:55";"244";"Sem vítima";"388,200";"BR-277/PR";"Decrescente";"Choque";0;0;1;0;0;0;0;0;0;0;1;0;0;0;0
"02/10/2025";"16:12:37";"262";"Sem vítima";"169,010";"BR-163/PR";"Crescente";"Colisão traseira";2;0;0;0;0;0;0;0;0;1;4;0;0;0;0
"02/10/2025";"17:13:09";"273";"Sem vítima";"632,807";"BR-277/PR";"Crescente";"Choque";1;0;0;0;0;0;0;0;0;0;3;0;0;0;0
"02/10/2025";"18:00:16";"287";"Sem vítima";"661,470";"BR-277/PR";"Decrescente";"Choque";1;0;0;0;0;0;0;0;0;0;1;0;0;0;0
"02/10/2025";"19:17:50";"300";"Com vítima";"21,842";"483/PR";"Decrescente";"Choque";0;0;0;0;0;0;0;0;0;1;0;1;0;0;0
"02/10/2025";"19:45:44";"305";"Sem vítima";"674,670";"BR-277/PR";"Decrescente";"Choque";1;0;0;0;0;0;0;0;0;0;1;0;0;0;0
"02/10/2025";"19:49:32";"310";"Com vítima";"720,710";"BR-277/PR";"Decrescente";"Choque";0;0;1;0;0;0;0;0;0;0;0;0;0;1;0
"03/10/2025";"01:54:04";"45";"Com vítima";"185,062";"BR-163/PR";"Crescente";"Choque";1;0;0;0;0;0;0;0;0;0;0;2;0;0;0
"03/10/2025";"05:30:41";"60";"Sem vítima";"722,277";"BR-277/PR";"Decrescente";"Choque";1;0;0;0;0;0;0;0;0;0;1;0;0;0;0
"03/10/2025";"09:55:58";"127";"Com vítima";"399,509";"BR-277/PR";"Crescente";"Choque";1;0;0;0;0;0;0;0;0;0;0;1;0;0;0
"03/10/2025";"10:50:45";"132";"Com vítima";"659,500";"BR-277/PR";"Crescente";"Choque";1;0;0;0;0;0;0;0;0;0;0;2;0;0;0
"03/10/2025";"12:57:10";"154";"Com vítima";"431,900";"BR-277/PR";"Decrescente";"Choque";1;0;0;0;0;0;0;0;0;0;2;1;0;0;0
"03/10/2025";"16:13:51";"200";"Sem vítima";"148,100";"BR-163/PR";"Decrescente";"Colisão traseira";1;0;1;0;0;0;0;0;0;0;2;0;0;0;0
"03/10/2025";"22:45:36";"269";"Sem vítima";"475,400";"182/PR";"Decrescente";"Colisão traseira";0;0;0;0;0;0;0;0;0;0;0;0;0;0;0
"04/10/2025";"01:41:37";"47";"Sem vítima";"594,400";"BR-277/PR";"Crescente";"Colisão traseira";1;0;0;0;0;0;0;0;0;1;2;0;0;0;0
"04/10/2025";"04:47:23";"65";"Sem vítima";"215,010";"280/PR";"Crescente";"Colisão traseira";2;0;0;0;0;0;0;0;0;0;1;0;0;0;0
"04/10/2025";"09:06:05";"129";"Sem vítima";"571,870";"BR-277/PR";"Crescente";"Tombamento";0;0;1;0;0;0;0;0;0;0;1;0;0;0;0
"04/10/2025";"09:10:27";"132";"Com vítima";"620,111";"BR-277/PR";"Decrescente";"Colisão traseira";1;0;0;1;0;0;0;0;0;0;2;1;0;0;0
"04/10/2025";"10:48:02";"160";"Com vítima";"472,000";"BR-277/PR";"Decrescente";"Colisão traseira";2;0;0;0;0;0;0;0;0;0;1;1;0;0;0
"04/10/2025";"11:43:48";"170";"Com vítima";"686,900";"BR-277/PR";"Crescente";"Colisão traseira";0;1;1;0;0;0;0;0;0;0;1;0;0;0;0
"04/10/2025";"17:15:08";"234";"Com vítima";"233,000";"280/PR";"Decrescente";"Colisão traseira";1;0;0;1;0;0;0;0;0;0;1;0;1;0;0
"04/10/2025";"18:59:07";"250";"Com vítima";"158,000";"BR-163/PR";"Crescente";"Choque";1;0;0;0;0;0;0;0;0;0;0;1;0;0;0
"05/10/2025";"06:25:33";"71";"Com vítima";"664,770";"BR-277/PR";"Crescente";"Capotamento";1;0;0;0;0;0;0;0;0;0;0;1;0;0;0
"05/10/2025";"06:42:53";"72";"Com vítima";"664,650";"BR-277/PR";"Decrescente";"Capotamento";2;0;0;0;0;0;0;0;0;0;2;1;0;0;0
"05/10/2025";"11:25:25";"137";"Sem vítima";"428,000";"BR-277/PR";"Crescente";"Acidentes de outra natureza";1;0;0;0;0;0;0;0;0;0;1;0;0;0;0
"05/10/2025";"14:55:54";"186";"Com vítima";"523,576";"182/PR";"Decrescente";"Colisão traseira";3;0;0;0;0;0;0;0;0;0;7;0;0;2;0
"05/10/2025";"19:29:32";"245";"Com vítima";"589,800";"BR-277/PR";"Decrescente";"Colisão traseira";1;0;0;1;0;0;0;0;0;0;0;0;2;0;0
"06/10/2025";"06:40:05";"95";"Sem vítima";"660,500";"BR-277/PR";"Crescente";"Choque";1;0;0;0;0;0;0;0;0;0;1;0;0;0;0
"06/10/2025";"07:08:47";"109";"Sem vítima";"584,800";"BR-277/PR";"Decrescente";"Choque";1;0;0;0;0;0;0;0;0;0;1;0;0;0;0
"06/10/2025";"07:43:16";"125";"Sem vítima";"586,600";"BR-277/PR";"Decrescente";"Colisão traseira";1;0;0;0;0;0;0;1;0;0;1;0;0;0;0
"06/10/2025";"10:18:20";"197";"Sem vítima";"471,200";"BR-277/PR";"Decrescente";"Colisão traseira";2;0;0;0;0;0;0;0;0;0;2;0;0;0;0
"06/10/2025";"16:00:29";"294";"Com vítima";"430,360";"BR-277/PR";"Decrescente";"Colisão traseira";1;0;0;0;0;0;0;0;0;1;1;0;2;0;0
"06/10/2025";"17:58:14";"332";"Com vítima";"653,880";"BR-277/PR";"Decrescente";"Atropelamento de pedestre";0;1;0;1;0;0;0;0;0;0;0;0;1;0;0
"06/10/2025";"20:01:00";"352";"Com vítima";"421,900";"BR-277/PR";"Decrescente";"Atropelamento de pedestre";0;0;1;0;0;0;0;0;0;0;0;0;1;0;0
"06/10/2025";"20:08:00";"353";"Sem vítima";"659,300";"BR-277/PR";"Crescente";"Acidentes de outra natureza";1;0;1;0;0;0;0;0;0;0;3;0;0;0;0
"07/10/2025";"07:05:50";"74";"Sem vítima";"159,410";"BR-163/PR";"Decrescente";"Tombamento";0;0;1;0;0;0;0;0;0;0;1;0;0;0;0
"07/10/2025";"07:41:13";"94";"Com vítima";"671,574";"BR-277/PR";"Decrescente";"Choque";1;0;0;0;0;0;0;0;0;0;0;2;0;0;0
"07/10/2025";"11:35:19";"201";"Sem vítima";"472,100";"BR-277/PR";"Decrescente";"Colisão traseira";1;0;1;0;0;0;0;0;0;0;1;0;0;0;0
"07/10/2025";"13:29:12";"222";"Com vítima";"572,100";"BR-277/PR";"Decrescente";"Colisão traseira";1;0;0;1;0;0;0;0;0;0;0;2;1;0;0
"07/10/2025";"15:01:18";"243";"Com vítima";"160,570";"BR-163/PR";"Decrescente";"Colisão traseira";2;0;5;0;0;0;0;0;0;0;0;9;0;0;1
"08/10/2025";"05:22:27";"55";"Sem vítima";"481,100";"BR-277/PR";"Crescente";"Acidentes de outra natureza";1;0;0;0;0;0;0;0;0;0;1;0;0;0;0
"08/10/2025";"08:32:36";"112";"Sem vítima";"597,010";"BR-277/PR";"Crescente";"Colisão traseira";1;0;1;0;0;0;0;0;0;0;2;0;0;0;0
"08/10/2025";"08:56:16";"126";"Sem vítima";"475,500";"BR-277/PR";"Crescente";"Tombamento";1;0;0;0;0;0;0;0;0;0;1;0;0;0;0
"08/10/2025";"09:39:45";"136";"Sem vítima";"147,010";"BR-163/PR";"Decrescente";"Colisão traseira";2;0;0;0;0;0;0;0;0;0;2;0;0;0;0
"08/10/2025";"12:58:23";"175";"Com vítima";"155,010";"BR-163/PR";"Decrescente";"Capotamento";1;0;0;0;0;0;0;0;0;0;0;2;0;0;0
"08/10/2025";"13:10:48";"178";"Com vítima";"171,578";"BR-163/PR";"Decrescente";"Tombamento";0;0;1;0;0;0;0;0;0;0;0;0;0;0;1
"08/10/2025";"19:46:13";"242";"Com vítima";"474,700";"BR-277/PR";"Decrescente";"Atropelamento de pedestre";0;0;0;0;1;0;0;0;0;0;22;0;0;0;1
"09/10/2025";"07:07:39";"63";"Sem vítima";"721,890";"BR-277/PR";"Crescente";"Choque";1;0;0;0;0;0;0;0;0;0;1;0;0;0;0
"09/10/2025";"07:14:25";"66";"Com vítima";"586,500";"BR-277/PR";"Crescente";"Colisão traseira";1;0;0;1;0;0;0;0;0;0;3;1;0;0;0
"09/10/2025";"11:12:05";"161";"Com vítima";"125,517";"BR-163/PR";"Crescente";"Tombamento";0;0;1;0;0;0;0;0;0;0;0;0;1;0;0
"09/10/2025";"11:21:58";"164";"Sem vítima";"598,341";"BR-277/PR";"Crescente";"Colisão traseira";1;0;1;0;0;0;0;0;0;0;4;0;0;0;0
"09/10/2025";"15:22:36";"223";"Sem vítima";"346,100";"BR-277/PR";"Decrescente";"Colisão traseira";2;0;0;0;0;0;0;0;0;0;3;0;0;0;0
"09/10/2025";"15:27:50";"224";"Sem vítima";"245,100";"280/PR";"Crescente";"Capotamento";1;0;0;0;0;0;0;0;0;0;2;0;0;0;0
"10/10/2025";"06:06:02";"69";"Sem vítima";"654,125";"BR-277/PR";"Crescente";"Colisão traseira";2;0;0;0;0;0;0;0;0;0;8;0;0;0;0
"10/10/2025";"06:56:14";"78";"Sem vítima";"654,125";"BR-277/PR";"Decrescente";"Choque";1;0;0;0;0;0;0;0;0;0;0;0;0;0;0
"10/10/2025";"07:12:15";"83";"Com vítima";"584,294";"BR-277/PR";"Crescente";"Tombamento";0;0;1;0;0;0;0;0;0;0;1;1;0;0;0
"10/10/2025";"09:25:10";"172";"Com vítima";"350,010";"BR-277/PR";"Decrescente";"Colisão traseira";1;0;0;0;0;0;0;0;0;1;4;1;0;0;0
"10/10/2025";"14:53:15";"289";"Sem vítima";"2,333";"483/PR";"Decrescente";"Capotamento";1;0;0;0;0;1;0;0;0;0;1;0;0;0;0
"10/10/2025";"15:09:53";"298";"Sem vítima";"231,189";"280/PR";"Decrescente";"Choque";0;0;0;0;0;0;0;0;0;1;2;0;0;0;0
"10/10/2025";"18:42:26";"342";"Com vítima";"232,780";"280/PR";"Decrescente";"Colisão traseira";1;0;0;0;1;0;0;0;0;0;15;1;0;0;0
"11/10/2025";"05:56:51";"82";"Com vítima";"557,600";"BR-277/PR";"Decrescente";"Colisão traseira";1;0;1;0;0;0;0;0;0;0;2;1;0;0;0
"11/10/2025";"06:17:51";"86";"Sem vítima";"661,500";"BR-277/PR";"Decrescente";"Acidentes de outra natureza";1;0;0;0;0;0;0;0;0;0;1;0;0;0;0
"11/10/2025";"08:58:58";"154";"Com vítima";"596,100";"BR-277/PR";"Crescente";"Colisão traseira";1;0;0;1;0;0;0;0;0;0;2;0;1;0;0
"11/10/2025";"16:59:23";"301";"Com vítima";"491,870";"182/PR";"Decrescente";"Colisão traseira";1;0;0;1;0;0;0;0;0;0;2;0;0;1;0
"11/10/2025";"17:07:04";"302";"Com vítima";"585,341";"BR-277/PR";"Crescente";"Colisão traseira";2;0;0;0;0;0;0;0;0;0;4;2;0;0;0
"11/10/2025";"21:57:32";"352";"Com vítima";"525,870";"BR-277/PR";"Decrescente";"Colisão traseira";2;0;0;0;0;0;0;0;0;0;0;1;1;0;0